state,year,pdf_link,doc_name,doc_number,scraped_at
MN,2023.0,https://edocs-public.dot.state.mn.us/edocs_public/DMResultSet/download?docId=36620879,Apparent Bid Results 08-25-2023,36620879,2025-11-22T17:45:59.361442
MN,2023.0,https://edocs-public.dot.state.mn.us/edocs_public/DMResultSet/download?docId=36620860,Apparent Bid Results 07-28-2023,36620860,2025-11-22T17:45:59.361442
MN,2023.0,https://edocs-public.dot.state.mn.us/edocs_public/DMResultSet/download?docId=36620828,Apparent Bid Results 06-09-2023,36620828,2025-11-22T17:45:59.361442
MN,2023.0,https://edocs-public.dot.state.mn.us/edocs_public/DMResultSet/download?docId=36620843,Apparent Bid Results 06-23-2023,36620843,2025-11-22T17:45:59.361442
MN,2023.0,https://edocs-public.dot.state.mn.us/edocs_public/DMResultSet/download?docId=36620806,Apparent Bid Results 05-19-2023,36620806,2025-11-22T17:45:59.361442
MN,2023.0,https://edocs-public.dot.state.mn.us/edocs_public/DMResultSet/download?docId=36620787,Apparent Bid Results 05-12-2023,36620787,2025-11-22T17:45:59.361442
MN,2023.0,https://edocs-public.dot.state.mn.us/edocs_public/DMResultSet/download?docId=36620570,Apparent Bid Results 04-28-2023,36620570,2025-11-22T17:45:59.361442
MN,2023.0,https://edocs-public.dot.state.mn.us/edocs_public/DMResultSet/download?docId=36620553,Apparent Bid Results 03-24-2023,36620553,2025-11-22T17:45:59.361442
MN,2023.0,https://edocs-public.dot.state.mn.us/edocs_public/DMResultSet/download?docId=36620491,Apparent Bid Results 02-09-2023,36620491,2025-11-22T17:45:59.361442
MN,2023.0,https://edocs-public.dot.state.mn.us/edocs_public/DMResultSet/download?docId=36620527,Apparent Bid Results 02-24-2023,36620527,2025-11-22T17:45:59.361442
MN,2023.0,https://edocs-public.dot.state.mn.us/edocs_public/DMResultSet/download?docId=36620509,Apparent Bid Results 02-10-2023,36620509,2025-11-22T17:45:59.361442
MN,2023.0,https://edocs-public.dot.state.mn.us/edocs_public/DMResultSet/download?docId=36620471,Apparent Bid Results 01-27-2023,36620471,2025-11-22T17:45:59.361442
MN,2023.0,https://edocs-public.dot.state.mn.us/edocs_public/DMResultSet/download?docId=36620042,Apparent Bid Results 01-18-2023 DB,36620042,2025-11-22T17:45:59.361442
MN,2023.0,https://edocs-public.dot.state.mn.us/edocs_public/DMResultSet/download?docId=36620009,Apparent Bid Results 01-11-2023 DB,36620009,2025-11-22T17:45:59.361442
MN,2023.0,https://edocs-public.dot.state.mn.us/edocs_public/DMResultSet/download?docId=36620899,Apparent Bid Results 09-22-2023,36620899,2025-11-22T17:45:59.361442
MN,2023.0,https://edocs-public.dot.state.mn.us/edocs_public/DMResultSet/download?docId=36523105,Apparent Bid Results 10-27-2023,36523105,2025-11-22T17:45:59.361442
MN,2023.0,https://edocs-public.dot.state.mn.us/edocs_public/DMResultSet/download?docId=36943562,Apparent Bid Results 11-17-2023,36943562,2025-11-22T17:45:59.361442
MN,2023.0,https://edocs-public.dot.state.mn.us/edocs_public/DMResultSet/download?docId=37166323,Apparent Bid Results 11-29-2023 BV,37166323,2025-11-22T17:45:59.361442
MN,2023.0,https://edocs-public.dot.state.mn.us/edocs_public/DMResultSet/download?docId=37174263,Apparent Bid Results 12-1-2023,37174263,2025-11-22T17:45:59.361442
MN,2024.0,https://edocs-public.dot.state.mn.us/edocs_public/DMResultSet/download?docId=38503385,Apparent Bid Results 02-23-2024,38503385,2025-11-22T17:45:59.361442
MN,2024.0,https://edocs-public.dot.state.mn.us/edocs_public/DMResultSet/download?docId=38081989,Apparent Bid Results 01-26-2024,38081989,2025-11-22T17:45:59.361442
MN,2024.0,https://edocs-public.dot.state.mn.us/edocs_public/DMResultSet/download?docId=38573247,Apparent Bid Results 03-08-2024,38573247,2025-11-22T17:45:59.361442
MN,2024.0,https://edocs-public.dot.state.mn.us/edocs_public/DMResultSet/download?docId=38580449,Apparent Bid Results 03-22-2024,38580449,2025-11-22T17:45:59.361442
MN,2024.0,https://edocs-public.dot.state.mn.us/edocs_public/DMResultSet/download?docId=38599721,Apparent Bid Results 04-26-2024,38599721,2025-11-22T17:45:59.361442
MN,2024.0,https://edocs-public.dot.state.mn.us/edocs_public/DMResultSet/download?docId=38604986,Apparent Bid Results 05-08-2024 DB,38604986,2025-11-22T17:45:59.361442
MN,2024.0,https://edocs-public.dot.state.mn.us/edocs_public/DMResultSet/download?docId=38606234,Apparent Bid Results 05-10-2024,38606234,2025-11-22T17:45:59.361442
MN,2024.0,https://edocs-public.dot.state.mn.us/edocs_public/DMResultSet/download?docId=38621253,Apparent Bid Results 06-07-2024,38621253,2025-11-22T17:45:59.361442
MN,2024.0,https://edocs-public.dot.state.mn.us/edocs_public/DMResultSet/download?docId=38628060,Apparent Bid Results 06-21-2024,38628060,2025-11-22T17:45:59.361442
MN,2024.0,https://edocs-public.dot.state.mn.us/edocs_public/DMResultSet/download?docId=38646111,Apparent Bid Results 07-26-2024,38646111,2025-11-22T17:45:59.361442
MN,2024.0,https://edocs-public.dot.state.mn.us/edocs_public/DMResultSet/download?docId=38659395,Apparent Bid Results 08-23-2024,38659395,2025-11-22T17:45:59.361442
MN,2024.0,https://edocs-public.dot.state.mn.us/edocs_public/DMResultSet/download?docId=38679740,Apparent Bid Results 09-27-2024,38679740,2025-11-22T17:45:59.361442
MN,2024.0,https://edocs-public.dot.state.mn.us/edocs_public/DMResultSet/download?docId=38692711,Apparent Bid Results 10-25-2024,38692711,2025-11-22T17:45:59.361442
MN,2024.0,https://edocs-public.dot.state.mn.us/edocs_public/DMResultSet/download?docId=38696992,Apparent Bid Results 05-17-2024,38696992,2025-11-22T17:45:59.361442
MN,2024.0,https://edocs-public.dot.state.mn.us/edocs_public/DMResultSet/download?docId=38708534,Apparent Bid Results 11-22-2024,38708534,2025-11-22T17:45:59.361442
MN,2024.0,https://edocs-public.dot.state.mn.us/edocs_public/DMResultSet/download?docId=38717999,Apparent Bid Results 12-06-2024,38717999,2025-11-22T17:45:59.361442
MN,2025.0,https://edocs-public.dot.state.mn.us/edocs_public/DMResultSet/download?docId=38749733,Apparent Bid Results 01-29-2025,38749733,2025-11-22T17:45:59.361442
MN,2025.0,https://edocs-public.dot.state.mn.us/edocs_public/DMResultSet/download?docId=38754124,Apparent Bid Results 02-05-2025,38754124,2025-11-22T17:45:59.361442
MN,2025.0,https://edocs-public.dot.state.mn.us/edocs_public/DMResultSet/download?docId=38755764,Apparent Bid Results 02-07-2025,38755764,2025-11-22T17:45:59.361442
MN,2025.0,https://edocs-public.dot.state.mn.us/edocs_public/DMResultSet/download?docId=38767796,Apparent Bid Results 02-26-2025,38767796,2025-11-22T17:45:59.361442
MN,2025.0,https://edocs-public.dot.state.mn.us/edocs_public/DMResultSet/download?docId=38789739,Apparent Bid Results 03-26-2025,38789739,2025-11-22T17:45:59.361442
MN,2025.0,https://edocs-public.dot.state.mn.us/edocs_public/DMResultSet/download?docId=38793987,Apparent Bid Results 04-02-2025,38793987,2025-11-22T17:45:59.361442
MN,2025.0,https://edocs-public.dot.state.mn.us/edocs_public/DMResultSet/download?docId=38803828,Apparent Bid Results 04-16-2025,38803828,2025-11-22T17:45:59.361442
MN,2025.0,https://edocs-public.dot.state.mn.us/edocs_public/DMResultSet/download?docId=38807180,Apparent Bid Results 04-23-2025,38807180,2025-11-22T17:45:59.361442
MN,2025.0,https://edocs-public.dot.state.mn.us/edocs_public/DMResultSet/download?docId=38813960,Apparent Bid Results 05-07-2025,38813960,2025-11-22T17:45:59.361442
MN,2025.0,https://edocs-public.dot.state.mn.us/edocs_public/DMResultSet/download?docId=38821969,Apparent Bid Results 05-21-2025,38821969,2025-11-22T17:45:59.361442
MN,2025.0,https://edocs-public.dot.state.mn.us/edocs_public/DMResultSet/download?docId=38897767,Apparent Bid Results 06-11-2025,38897767,2025-11-22T17:45:59.361442
MN,2025.0,https://edocs-public.dot.state.mn.us/edocs_public/DMResultSet/download?docId=38906330,Apparent Bid Results 06-25-2025,38906330,2025-11-22T17:45:59.361442
MN,2025.0,https://edocs-public.dot.state.mn.us/edocs_public/DMResultSet/download?docId=38927916,Apparent Bid Results 07-23-2025,38927916,2025-11-22T17:45:59.361442
MN,2025.0,https://edocs-public.dot.state.mn.us/edocs_public/DMResultSet/download?docId=38945095,Apparent Bid Results 08-20-2025,38945095,2025-11-22T17:45:59.361442
MN,2025.0,https://edocs-public.dot.state.mn.us/edocs_public/DMResultSet/download?docId=38967666,Apparent Bid Results 09-24-2025,38967666,2025-11-22T17:45:59.361442
MN,2025.0,https://edocs-public.dot.state.mn.us/edocs_public/DMResultSet/download?docId=38977578,Apparent Bid Results 10-08-2025,38977578,2025-11-22T17:45:59.361442
MN,2025.0,https://edocs-public.dot.state.mn.us/edocs_public/DMResultSet/download?docId=38988894,Apparent Bid Results 10-22-2025,38988894,2025-11-22T17:45:59.361442
MN,2025.0,https://edocs-public.dot.state.mn.us/edocs_public/DMResultSet/download?docId=39009352,Apparent Bid Results 11-19-2025,39009352,2025-11-22T17:45:59.361442
SD,2025.0,https://apps.sd.gov/HC65C2C/EBS/lettings/09172025final.pdf,"September 17, 2025",,2025-11-22T18:11:44.275703
SD,2025.0,https://apps.sd.gov/HC65C2C/EBS/lettings/09032025final.pdf,"September 3, 2025",,2025-11-22T18:11:44.275703
SD,2025.0,https://apps.sd.gov/HC65C2C/EBS/lettings/08272025final.pdf,"August 27, 2025",,2025-11-22T18:11:44.275703
SD,2025.0,https://apps.sd.gov/HC65C2C/EBS/lettings/08262025final.pdf,"August 26, 2025",,2025-11-22T18:11:44.275703
SD,2025.0,https://apps.sd.gov/HC65C2C/EBS/lettings/08062025final.pdf,"August 6, 2025",,2025-11-22T18:11:44.275703
SD,2025.0,https://apps.sd.gov/HC65C2C/EBS/lettings/07162025final.pdf,"July 16, 2025",,2025-11-22T18:11:44.275703
SD,2025.0,https://apps.sd.gov/HC65C2C/EBS/lettings/07022025final.pdf,"July 2, 2025",,2025-11-22T18:11:44.275703
SD,2025.0,https://apps.sd.gov/HC65C2C/EBS/lettings/06042025final.pdf,"June 4, 2025",,2025-11-22T18:11:44.275703
SD,2025.0,https://apps.sd.gov/HC65C2C/EBS/lettings/05212025final.pdf,"May 21, 2025",,2025-11-22T18:11:44.275703
SD,2025.0,https://apps.sd.gov/HC65C2C/EBS/lettings/05072025final.pdf,"May 7, 2025",,2025-11-22T18:11:44.275703
SD,2025.0,https://apps.sd.gov/HC65C2C/EBS/lettings/04162025final.pdf,"April 16, 2025",,2025-11-22T18:11:44.275703
SD,2025.0,https://apps.sd.gov/HC65C2C/EBS/lettings/04022025final.pdf,"April 2, 2025",,2025-11-22T18:11:44.275703
SD,2025.0,https://apps.sd.gov/HC65C2C/EBS/lettings/03262025final.pdf,"March 26, 2025",,2025-11-22T18:11:44.275703
SD,2025.0,https://apps.sd.gov/HC65C2C/EBS/lettings/03192025final.pdf,"March 19, 2025",,2025-11-22T18:11:44.275703
SD,2025.0,https://apps.sd.gov/HC65C2C/EBS/lettings/03122025final.pdf,"March 12, 2025",,2025-11-22T18:11:44.275703
SD,2025.0,https://apps.sd.gov/HC65C2C/EBS/lettings/03052025final.pdf,"March 5, 2025",,2025-11-22T18:11:44.275703
SD,2025.0,https://apps.sd.gov/HC65C2C/EBS/lettings/02192025final.pdf,"February 19, 2025",,2025-11-22T18:11:44.275703
SD,2025.0,https://apps.sd.gov/HC65C2C/EBS/lettings/02122025final.pdf,"February 12, 2025",,2025-11-22T18:11:44.275703
SD,2025.0,https://apps.sd.gov/HC65C2C/EBS/lettings/02052025final.pdf,"February 5, 2025",,2025-11-22T18:11:44.275703
SD,2025.0,https://apps.sd.gov/HC65C2C/EBS/lettings/01222025final.pdf,"January 22, 2025",,2025-11-22T18:11:44.275703
SD,2024.0,https://apps.sd.gov/HC65C2C/EBS/lettings/12112024final.pdf,"December 11, 2024",,2025-11-22T18:11:44.275703
SD,2024.0,https://apps.sd.gov/HC65C2C/EBS/lettings/12042024final.pdf,"December 4, 2024",,2025-11-22T18:11:44.275703
SD,2024.0,https://apps.sd.gov/HC65C2C/EBS/lettings/11202024final.pdf,"November 20, 2024",,2025-11-22T18:11:44.275703
SD,2024.0,https://apps.sd.gov/HC65C2C/EBS/lettings/11062024final.pdf,"November 6, 2024",,2025-11-22T18:11:44.275703
SD,2024.0,https://apps.sd.gov/HC65C2C/EBS/lettings/10162024final.pdf,"October 16, 2024",,2025-11-22T18:11:44.275703
SD,2024.0,https://apps.sd.gov/HC65C2C/EBS/lettings/10022024final.pdf,"October 2, 2024",,2025-11-22T18:11:44.275703
SD,2024.0,https://apps.sd.gov/HC65C2C/EBS/lettings/09182024final.pdf,"September 18, 2024",,2025-11-22T18:11:44.275703
SD,2024.0,https://apps.sd.gov/HC65C2C/EBS/lettings/09042024final.pdf,"September 4, 2024",,2025-11-22T18:11:44.275703
SD,2024.0,https://apps.sd.gov/HC65C2C/EBS/lettings/08212024final.pdf,"August 21, 2024",,2025-11-22T18:11:44.275703
SD,2024.0,https://apps.sd.gov/HC65C2C/EBS/lettings/08072024final.pdf,"August 7, 2024",,2025-11-22T18:11:44.275703
SD,2024.0,https://apps.sd.gov/HC65C2C/EBS/lettings/07172024final.pdf,"July 17, 2024",,2025-11-22T18:11:44.275703
SD,2024.0,https://apps.sd.gov/HC65C2C/EBS/lettings/06262024final.pdf,"June 26, 2024",,2025-11-22T18:11:44.275703
SD,2024.0,https://apps.sd.gov/HC65C2C/EBS/lettings/06052024final.pdf,"June 5, 2024",,2025-11-22T18:11:44.275703
SD,2024.0,https://apps.sd.gov/HC65C2C/EBS/lettings/05152024final.pdf,"May 15, 2024",,2025-11-22T18:11:44.275703
SD,2024.0,https://apps.sd.gov/HC65C2C/EBS/lettings/05012024final.pdf,"May 1, 2024",,2025-11-22T18:11:44.275703
SD,2024.0,https://apps.sd.gov/HC65C2C/EBS/lettings/04172024final.pdf,"April 17, 2024",,2025-11-22T18:11:44.275703
SD,2024.0,https://apps.sd.gov/HC65C2C/EBS/lettings/04042024final.pdf,"April 4, 2024",,2025-11-22T18:11:44.275703
SD,2024.0,https://apps.sd.gov/HC65C2C/EBS/lettings/03202024final.pdf,"March 20, 2024",,2025-11-22T18:11:44.275703
SD,2024.0,https://apps.sd.gov/HC65C2C/EBS/lettings/03062024final.pdf,"March 6, 2024",,2025-11-22T18:11:44.275703
SD,2024.0,https://apps.sd.gov/HC65C2C/EBS/lettings/02272024final.pdf,"Februrary 27, 2024",,2025-11-22T18:11:44.275703
SD,2024.0,https://apps.sd.gov/HC65C2C/EBS/lettings/02212024final.pdf,"February 21, 2024",,2025-11-22T18:11:44.275703
SD,2024.0,https://apps.sd.gov/HC65C2C/EBS/lettings/02072024final.pdf,"February 7, 2024",,2025-11-22T18:11:44.275703
SD,2024.0,https://apps.sd.gov/HC65C2C/EBS/lettings/01172024final.pdf,"January 17, 2024",,2025-11-22T18:11:44.275703
SD,2023.0,https://apps.sd.gov/HC65C2C/EBS/lettings/12132023final.pdf,"December 13, 2023",,2025-11-22T18:11:44.275703
SD,2023.0,https://apps.sd.gov/HC65C2C/EBS/lettings/12062023final.pdf,"December 6, 2023",,2025-11-22T18:11:44.275703
SD,2023.0,https://apps.sd.gov/HC65C2C/EBS/lettings/11152023final.pdf,"November 15, 2023",,2025-11-22T18:11:44.275703
SD,2023.0,https://apps.sd.gov/HC65C2C/EBS/lettings/11082023final.pdf,"November 8, 2023",,2025-11-22T18:11:44.275703
SD,2023.0,https://apps.sd.gov/HC65C2C/EBS/lettings/11012023final.pdf,"November 1, 2023",,2025-11-22T18:11:44.275703
SD,2023.0,https://apps.sd.gov/HC65C2C/EBS/lettings/10182023final.pdf,"October 18, 2023",,2025-11-22T18:11:44.275703
SD,2023.0,https://apps.sd.gov/HC65C2C/EBS/lettings/10042023final.pdf,"October 4, 2023",,2025-11-22T18:11:44.275703
SD,2023.0,https://apps.sd.gov/HC65C2C/EBS/lettings/09202023final.pdf,"September 20, 2023",,2025-11-22T18:11:44.275703
SD,2023.0,https://apps.sd.gov/HC65C2C/EBS/lettings/09062023final.pdf,"September 6, 2023",,2025-11-22T18:11:44.275703
SD,2023.0,https://apps.sd.gov/HC65C2C/EBS/lettings/08162023final.pdf,"August 16, 2023",,2025-11-22T18:11:44.275703
SD,2023.0,https://apps.sd.gov/HC65C2C/EBS/lettings/08102023final.pdf,"August 10, 2023",,2025-11-22T18:11:44.275703
SD,2023.0,https://apps.sd.gov/HC65C2C/EBS/lettings/07192023final.pdf,"July 19, 2023",,2025-11-22T18:11:44.275703
SD,2023.0,https://apps.sd.gov/HC65C2C/EBS/lettings/06212023final.pdf,"June 21, 2023",,2025-11-22T18:11:44.275703
SD,2023.0,https://apps.sd.gov/HC65C2C/EBS/lettings/06072023final.pdf,"June 7, 2023",,2025-11-22T18:11:44.275703
SD,2023.0,https://apps.sd.gov/HC65C2C/EBS/lettings/05172023final.pdf,"May 17, 2023",,2025-11-22T18:11:44.275703
SD,2023.0,https://apps.sd.gov/HC65C2C/EBS/lettings/05032023final.pdf,"May 3, 2023",,2025-11-22T18:11:44.275703
SD,2023.0,https://apps.sd.gov/HC65C2C/EBS/lettings/04192023final.pdf,"April 19, 2023",,2025-11-22T18:11:44.275703
SD,2023.0,https://apps.sd.gov/HC65C2C/EBS/lettings/04052023final.pdf,"April 5, 2023",,2025-11-22T18:11:44.275703
SD,2023.0,https://apps.sd.gov/HC65C2C/EBS/lettings/03222023final.pdf,"March 22, 2023",,2025-11-22T18:11:44.275703
SD,2023.0,https://apps.sd.gov/HC65C2C/EBS/lettings/03012023final.pdf,"March 1, 2023",,2025-11-22T18:11:44.275703
SD,2023.0,https://apps.sd.gov/HC65C2C/EBS/lettings/02152023final.pdf,"February, 15 2023",,2025-11-22T18:11:44.275703
SD,2023.0,https://apps.sd.gov/HC65C2C/EBS/lettings/02012023final.pdf,"Februray 1, 2023",,2025-11-22T18:11:44.275703
SD,2023.0,https://apps.sd.gov/HC65C2C/EBS/lettings/01112023final.pdf,"January 11, 2023",,2025-11-22T18:11:44.275703
SD,2022.0,https://apps.sd.gov/HC65C2C/EBS/lettings/12142022final.pdf,"December 14, 2022",,2025-11-22T18:11:44.275703
SD,2022.0,https://apps.sd.gov/HC65C2C/EBS/lettings/12072022final.pdf,"December 7, 2022",,2025-11-22T18:11:44.275703
SD,2022.0,https://apps.sd.gov/HC65C2C/EBS/lettings/11162022final.pdf,"November 16, 2022",,2025-11-22T18:11:44.275703
SD,2022.0,https://apps.sd.gov/HC65C2C/EBS/lettings/11022022final.pdf,"November 2, 2022",,2025-11-22T18:11:44.275703
SD,2022.0,https://apps.sd.gov/HC65C2C/EBS/lettings/10212022final.pdf,"October 21, 2022",,2025-11-22T18:11:44.275703
SD,2022.0,https://apps.sd.gov/HC65C2C/EBS/lettings/10192022final.pdf,"October 19, 2022",,2025-11-22T18:11:44.275703
SD,2022.0,https://apps.sd.gov/HC65C2C/EBS/lettings/10052022final.pdf,"October 5, 2022",,2025-11-22T18:11:44.275703
SD,2022.0,https://apps.sd.gov/HC65C2C/EBS/lettings/09212022final.pdf,"September 21, 2022",,2025-11-22T18:11:44.275703
SD,2022.0,https://apps.sd.gov/HC65C2C/EBS/lettings/09072022final.pdf,"September 7, 2022",,2025-11-22T18:11:44.275703
SD,2022.0,https://apps.sd.gov/HC65C2C/EBS/lettings/08172022final.pdf,"August 17, 2022",,2025-11-22T18:11:44.275703
SD,2022.0,https://apps.sd.gov/HC65C2C/EBS/lettings/07202022final.pdf,"July 20, 2022",,2025-11-22T18:11:44.275703
SD,2022.0,https://apps.sd.gov/HC65C2C/EBS/lettings/06152022final.pdf,"June 15, 2022",,2025-11-22T18:11:44.275703
SD,2022.0,https://apps.sd.gov/HC65C2C/EBS/lettings/06012022final.pdf,"June 1, 2022",,2025-11-22T18:11:44.275703
SD,2022.0,https://apps.sd.gov/HC65C2C/EBS/lettings/05182022final.pdf,"May 18, 2022",,2025-11-22T18:11:44.275703
SD,2022.0,https://apps.sd.gov/HC65C2C/EBS/lettings/05112022final.pdf,"May 11, 2022",,2025-11-22T18:11:44.275703
SD,2022.0,https://apps.sd.gov/HC65C2C/EBS/lettings/05042022final.pdf,"May 4, 2022",,2025-11-22T18:11:44.275703
SD,2022.0,https://apps.sd.gov/HC65C2C/EBS/lettings/04202022final.pdf,"April 20, 2022",,2025-11-22T18:11:44.275703
SD,2022.0,https://apps.sd.gov/HC65C2C/EBS/lettings/04062022final.pdf,"April 6, 2022",,2025-11-22T18:11:44.275703
SD,2022.0,https://apps.sd.gov/HC65C2C/EBS/lettings/03162022final.pdf,"March 16, 2022",,2025-11-22T18:11:44.275703
SD,2022.0,https://apps.sd.gov/HC65C2C/EBS/lettings/03022022final.pdf,"March 2, 2022",,2025-11-22T18:11:44.275703
SD,2022.0,https://apps.sd.gov/HC65C2C/EBS/lettings/02162022final.pdf,"February 16, 2022",,2025-11-22T18:11:44.275703
SD,2022.0,https://apps.sd.gov/HC65C2C/EBS/lettings/02022022final.pdf,"February 2, 2022",,2025-11-22T18:11:44.275703
SD,2022.0,https://apps.sd.gov/HC65C2C/EBS/lettings/01192022final.pdf,"January 19, 2022",,2025-11-22T18:11:44.275703
SD,2021.0,https://apps.sd.gov/HC65C2C/EBS/lettings/12152021final.pdf,"December 15, 2021",,2025-11-22T18:11:44.275703
SD,2021.0,https://apps.sd.gov/HC65C2C/EBS/lettings/12012021final.pdf,"December 1, 2021",,2025-11-22T18:11:44.275703
SD,2021.0,https://apps.sd.gov/HC65C2C/EBS/lettings/11172021final.pdf,"November 17, 2021",,2025-11-22T18:11:44.275703
SD,2021.0,https://apps.sd.gov/HC65C2C/EBS/lettings/11032021final.pdf,"November 3, 2021",,2025-11-22T18:11:44.275703
SD,2021.0,https://apps.sd.gov/HC65C2C/EBS/lettings/10202021final.pdf,"October 20, 2021",,2025-11-22T18:11:44.275703
SD,2021.0,https://apps.sd.gov/HC65C2C/EBS/lettings/10062021final.pdf,"October 6, 2021",,2025-11-22T18:11:44.275703
SD,2021.0,https://apps.sd.gov/HC65C2C/EBS/lettings/09152021final.pdf,"September 15, 2021",,2025-11-22T18:11:44.275703
SD,2021.0,https://apps.sd.gov/HC65C2C/EBS/lettings/09012021final.pdf,"September 1, 2021",,2025-11-22T18:11:44.275703
SD,2021.0,https://apps.sd.gov/HC65C2C/EBS/lettings/08182021final.pdf,"August 18, 2021",,2025-11-22T18:11:44.275703
SD,2021.0,https://apps.sd.gov/HC65C2C/EBS/lettings/07212021final.pdf,"July 21, 2021",,2025-11-22T18:11:44.275703
SD,2021.0,https://apps.sd.gov/HC65C2C/EBS/lettings/06162021final.pdf,"June 16, 2021",,2025-11-22T18:11:44.275703
SD,2021.0,https://apps.sd.gov/HC65C2C/EBS/lettings/06022021final.pdf,"June 2, 2021",,2025-11-22T18:11:44.275703
SD,2021.0,https://apps.sd.gov/HC65C2C/EBS/lettings/05192021final.pdf,"May 19, 2021",,2025-11-22T18:11:44.275703
SD,2021.0,https://apps.sd.gov/HC65C2C/EBS/lettings/05052021final.pdf,"May 5, 2021",,2025-11-22T18:11:44.275703
SD,2021.0,https://apps.sd.gov/HC65C2C/EBS/lettings/04212021final.pdf,"April 21, 2021",,2025-11-22T18:11:44.275703
SD,2021.0,https://apps.sd.gov/HC65C2C/EBS/lettings/04142021final.pdf,"April 14, 2021",,2025-11-22T18:11:44.275703
SD,2021.0,https://apps.sd.gov/HC65C2C/EBS/lettings/03172021final.pdf,"March 17, 2021",,2025-11-22T18:11:44.275703
SD,2021.0,https://apps.sd.gov/HC65C2C/EBS/lettings/03032021final.pdf,"March 3, 2021",,2025-11-22T18:11:44.275703
SD,2021.0,https://apps.sd.gov/HC65C2C/EBS/lettings/02172021final.pdf,"February 17, 2021",,2025-11-22T18:11:44.275703
SD,2021.0,https://apps.sd.gov/HC65C2C/EBS/lettings/02032021final.pdf,"February 3, 2021",,2025-11-22T18:11:44.275703
SD,2021.0,https://apps.sd.gov/HC65C2C/EBS/lettings/01202021final.pdf,"January 20, 2021",,2025-11-22T18:11:44.275703
SD,2020.0,https://apps.sd.gov/HC65C2C/EBS/lettings/12092020final.pdf,"December 9, 2020",,2025-11-22T18:11:44.275703
SD,2020.0,https://apps.sd.gov/HC65C2C/EBS/lettings/12022020final.pdf,"December 2, 2020",,2025-11-22T18:11:44.275703
SD,2020.0,https://apps.sd.gov/HC65C2C/EBS/lettings/11182020final.pdf,"November 18, 2020",,2025-11-22T18:11:44.275703
SD,2020.0,https://apps.sd.gov/HC65C2C/EBS/lettings/11042020final.pdf,"November 4, 2020",,2025-11-22T18:11:44.275703
SD,2020.0,https://apps.sd.gov/HC65C2C/EBS/lettings/10212020final.pdf,"October 21, 2020",,2025-11-22T18:11:44.275703
SD,2020.0,https://apps.sd.gov/HC65C2C/EBS/lettings/10072020final.pdf,"October 7, 2020",,2025-11-22T18:11:44.275703
SD,2020.0,https://apps.sd.gov/HC65C2C/EBS/lettings/09162020final.pdf,"September 16, 2020",,2025-11-22T18:11:44.275703
SD,2020.0,https://apps.sd.gov/HC65C2C/EBS/lettings/09022020final.pdf,"September 2, 2020",,2025-11-22T18:11:44.275703
SD,2020.0,https://apps.sd.gov/HC65C2C/EBS/lettings/08192020final.pdf,"August 19, 2020",,2025-11-22T18:11:44.275703
SD,2020.0,https://apps.sd.gov/HC65C2C/EBS/lettings/08052020final.pdf,"August 5, 2020",,2025-11-22T18:11:44.275703
SD,2020.0,https://apps.sd.gov/HC65C2C/EBS/lettings/07152020final.pdf,"July 15, 2020",,2025-11-22T18:11:44.275703
SD,2020.0,https://apps.sd.gov/HC65C2C/EBS/lettings/06172020final.pdf,"June 17, 2020",,2025-11-22T18:11:44.275703
SD,2020.0,https://apps.sd.gov/HC65C2C/EBS/lettings/06032020final.pdf,"June 3, 2020",,2025-11-22T18:11:44.275703
SD,2020.0,https://apps.sd.gov/HC65C2C/EBS/lettings/05202020final.pdf,"May 20, 2020",,2025-11-22T18:11:44.275703
SD,2020.0,https://apps.sd.gov/HC65C2C/EBS/lettings/05132020final.pdf,"May 13, 2020",,2025-11-22T18:11:44.275703
SD,2020.0,https://apps.sd.gov/HC65C2C/EBS/lettings/05062020final.pdf,"May 6, 2020",,2025-11-22T18:11:44.275703
SD,2020.0,https://apps.sd.gov/HC65C2C/EBS/lettings/04152020final.pdf,"April 15, 2020",,2025-11-22T18:11:44.275703
SD,2020.0,https://apps.sd.gov/HC65C2C/EBS/lettings/04012020final.pdf,"April 1, 2020",,2025-11-22T18:11:44.275703
SD,2020.0,https://apps.sd.gov/HC65C2C/EBS/lettings/03252020final.pdf,"March 25, 2020",,2025-11-22T18:11:44.275703
SD,2020.0,https://apps.sd.gov/HC65C2C/EBS/lettings/03042020final.pdf,"March 4, 2020",,2025-11-22T18:11:44.275703
SD,2020.0,https://apps.sd.gov/HC65C2C/EBS/lettings/02192020final.pdf,"February 19, 2020",,2025-11-22T18:11:44.275703
SD,2020.0,https://apps.sd.gov/HC65C2C/EBS/lettings/02052020final.pdf,"February 5, 2020",,2025-11-22T18:11:44.275703
SD,2020.0,https://apps.sd.gov/HC65C2C/EBS/lettings/01222020final.pdf,"January 22, 2020",,2025-11-22T18:11:44.275703
SD,2019.0,https://apps.sd.gov/HC65C2C/EBS/lettings/12112019final.pdf,"December 11, 2019",,2025-11-22T18:11:44.275703
SD,2019.0,https://apps.sd.gov/HC65C2C/EBS/lettings/12042019final.pdf,"December 4, 2019",,2025-11-22T18:11:44.275703
SD,2019.0,https://apps.sd.gov/HC65C2C/EBS/lettings/11202019final.pdf,"November 20, 2019",,2025-11-22T18:11:44.275703
SD,2019.0,https://apps.sd.gov/HC65C2C/EBS/lettings/11062019final.pdf,"November 6, 2019",,2025-11-22T18:11:44.275703
SD,2019.0,https://apps.sd.gov/HC65C2C/EBS/lettings/10162019final.pdf,"October 16, 2019",,2025-11-22T18:11:44.275703
SD,2019.0,https://apps.sd.gov/HC65C2C/EBS/lettings/10022019final.pdf,"October 2, 2019",,2025-11-22T18:11:44.275703
SD,2019.0,https://apps.sd.gov/HC65C2C/EBS/lettings/09182019final.pdf,"September 18, 2019",,2025-11-22T18:11:44.275703
SD,2019.0,https://apps.sd.gov/HC65C2C/EBS/lettings/09042019final.pdf,"September 4, 2019",,2025-11-22T18:11:44.275703
SD,2019.0,https://apps.sd.gov/HC65C2C/EBS/lettings/08212019final.pdf,"August 21, 2019",,2025-11-22T18:11:44.275703
SD,2019.0,https://apps.sd.gov/HC65C2C/EBS/lettings/07172019final.pdf,"July 17, 2019",,2025-11-22T18:11:44.275703
SD,2019.0,https://apps.sd.gov/HC65C2C/EBS/lettings/06192019final.pdf,"June 19, 2019",,2025-11-22T18:11:44.275703
SD,2019.0,https://apps.sd.gov/HC65C2C/EBS/lettings/06052019final.pdf,"June 5, 2019",,2025-11-22T18:11:44.275703
SD,2019.0,https://apps.sd.gov/HC65C2C/EBS/lettings/05152019final.pdf,"May 15, 2019",,2025-11-22T18:11:44.275703
SD,2019.0,https://apps.sd.gov/HC65C2C/EBS/lettings/05032019final.pdf,"May 3, 2019 University Class",,2025-11-22T18:11:44.275703
SD,2019.0,https://apps.sd.gov/HC65C2C/EBS/lettings/05012019final.pdf,"May 1, 2019",,2025-11-22T18:11:44.275703
SD,2019.0,https://apps.sd.gov/HC65C2C/EBS/lettings/04172019final.pdf,"April 17, 2019",,2025-11-22T18:11:44.275703
SD,2019.0,https://apps.sd.gov/HC65C2C/EBS/lettings/04102019final.pdf,"April 10, 2019",,2025-11-22T18:11:44.275703
SD,2019.0,https://apps.sd.gov/HC65C2C/EBS/lettings/04032019final.pdf,"April 3, 2019",,2025-11-22T18:11:44.275703
SD,2019.0,https://apps.sd.gov/HC65C2C/EBS/lettings/03272019final.pdf,"March 27, 2019",,2025-11-22T18:11:44.275703
SD,2019.0,https://apps.sd.gov/HC65C2C/EBS/lettings/03202019final.pdf,"March 20, 2019",,2025-11-22T18:11:44.275703
SD,2019.0,https://apps.sd.gov/HC65C2C/EBS/lettings/03062019final.pdf,"March 6, 2019",,2025-11-22T18:11:44.275703
SD,2019.0,https://apps.sd.gov/HC65C2C/EBS/lettings/02202019final.pdf,"February 20,2019",,2025-11-22T18:11:44.275703
SD,2019.0,https://apps.sd.gov/HC65C2C/EBS/lettings/02062019final.pdf,"February 6, 2019",,2025-11-22T18:11:44.275703
SD,2019.0,https://apps.sd.gov/HC65C2C/EBS/lettings/01232019final.pdf,"January 23, 2019",,2025-11-22T18:11:44.275703
SD,2019.0,https://apps.sd.gov/HC65C2C/EBS/lettings/01162019final.pdf,"January 16, 2019",,2025-11-22T18:11:44.275703
SD,2018.0,https://apps.sd.gov/HC65C2C/EBS/lettings/12122018final.pdf,"December 12, 2018",,2025-11-22T18:11:44.275703
SD,2018.0,https://apps.sd.gov/HC65C2C/EBS/lettings/12052018final.pdf,"December 5, 2018",,2025-11-22T18:11:44.275703
SD,2018.0,https://apps.sd.gov/HC65C2C/EBS/lettings/11212018final.pdf,"November 21, 2018",,2025-11-22T18:11:44.275703
SD,2018.0,https://apps.sd.gov/HC65C2C/EBS/lettings/11072018final.pdf,"November 7, 2018",,2025-11-22T18:11:44.275703
SD,2018.0,https://apps.sd.gov/HC65C2C/EBS/lettings/10172018final.pdf,"October 17, 2018",,2025-11-22T18:11:44.275703
SD,2018.0,https://apps.sd.gov/HC65C2C/EBS/lettings/10032018final.pdf,"October 3, 2018",,2025-11-22T18:11:44.275703
SD,2018.0,https://apps.sd.gov/HC65C2C/EBS/lettings/09192018final.pdf,"September 19, 2018",,2025-11-22T18:11:44.275703
SD,2018.0,https://apps.sd.gov/HC65C2C/EBS/lettings/09122018final.pdf,"September 12, 2018",,2025-11-22T18:11:44.275703
SD,2018.0,https://apps.sd.gov/HC65C2C/EBS/lettings/08012018final.pdf,"August 1, 2018",,2025-11-22T18:11:44.275703
SD,2018.0,https://apps.sd.gov/HC65C2C/EBS/lettings/07182018final.pdf,"July 18, 2018",,2025-11-22T18:11:44.275703
SD,2018.0,https://apps.sd.gov/HC65C2C/EBS/lettings/06272018final.pdf,"June 27, 2018",,2025-11-22T18:11:44.275703
SD,2018.0,https://apps.sd.gov/HC65C2C/EBS/lettings/06202018final.pdf,"June 20, 2018",,2025-11-22T18:11:44.275703
SD,2018.0,https://apps.sd.gov/HC65C2C/EBS/lettings/06062018final.pdf,"June 6, 2018",,2025-11-22T18:11:44.275703
SD,2018.0,https://apps.sd.gov/HC65C2C/EBS/lettings/05162018final.pdf,"May 16, 2018",,2025-11-22T18:11:44.275703
SD,2018.0,https://apps.sd.gov/HC65C2C/EBS/lettings/05032018final.pdf,"May 3, 2018 University Class",,2025-11-22T18:11:44.275703
SD,2018.0,https://apps.sd.gov/HC65C2C/EBS/lettings/05022018final.pdf,"May 2, 2018",,2025-11-22T18:11:44.275703
SD,2018.0,https://apps.sd.gov/HC65C2C/EBS/lettings/04182018final.pdf,"April 18, 2018",,2025-11-22T18:11:44.275703
SD,2018.0,https://apps.sd.gov/HC65C2C/EBS/lettings/04042018final.pdf,"April 4, 2018",,2025-11-22T18:11:44.275703
SD,2018.0,https://apps.sd.gov/HC65C2C/EBS/lettings/03212018final.pdf,"March 21, 2018",,2025-11-22T18:11:44.275703
SD,2018.0,https://apps.sd.gov/HC65C2C/EBS/lettings/03082018final.pdf,"March 8, 2018",,2025-11-22T18:11:44.275703
SD,2018.0,https://apps.sd.gov/HC65C2C/EBS/lettings/03072018final.pdf,"March 7, 2018",,2025-11-22T18:11:44.275703
SD,2018.0,https://apps.sd.gov/HC65C2C/EBS/lettings/02212018final.pdf,"February 21, 2018",,2025-11-22T18:11:44.275703
SD,2018.0,https://apps.sd.gov/HC65C2C/EBS/lettings/02072018final.pdf,"February 7, 2018",,2025-11-22T18:11:44.275703
SD,2018.0,https://apps.sd.gov/HC65C2C/EBS/lettings/01262018final.pdf,"January 26, 2018",,2025-11-22T18:11:44.275703
SD,2018.0,https://apps.sd.gov/HC65C2C/EBS/lettings/01242018final.pdf,"January 24, 2018",,2025-11-22T18:11:44.275703
SD,2017.0,https://apps.sd.gov/HC65C2C/EBS/lettings/12132017final.pdf,"December 13, 2017",,2025-11-22T18:11:44.275703
SD,2017.0,https://apps.sd.gov/HC65C2C/EBS/lettings/12062017final.pdf,"December 6, 2017",,2025-11-22T18:11:44.275703
SD,2017.0,https://apps.sd.gov/HC65C2C/EBS/lettings/11152017final.pdf,"November 15, 2017",,2025-11-22T18:11:44.275703
SD,2017.0,https://apps.sd.gov/HC65C2C/EBS/lettings/11012017final.pdf,"November 1, 2017",,2025-11-22T18:11:44.275703
SD,2017.0,https://apps.sd.gov/HC65C2C/EBS/lettings/10182017final.pdf,"October 18, 2017",,2025-11-22T18:11:44.275703
SD,2017.0,https://apps.sd.gov/HC65C2C/EBS/lettings/10042017final.pdf,"October 4, 2017",,2025-11-22T18:11:44.275703
SD,2017.0,https://apps.sd.gov/HC65C2C/EBS/lettings/09202017final.pdf,"September 20, 2017",,2025-11-22T18:11:44.275703
SD,2017.0,https://apps.sd.gov/HC65C2C/EBS/lettings/09062017final.pdf,"September 6, 2017",,2025-11-22T18:11:44.275703
SD,2017.0,https://apps.sd.gov/HC65C2C/EBS/lettings/08162017final.pdf,"August 16, 2017",,2025-11-22T18:11:44.275703
SD,2017.0,https://apps.sd.gov/HC65C2C/EBS/lettings/08022017final.pdf,"August 2, 2017",,2025-11-22T18:11:44.275703
SD,2017.0,https://apps.sd.gov/HC65C2C/EBS/lettings/07192017final.pdf,"July 19, 2017",,2025-11-22T18:11:44.275703
SD,2017.0,https://apps.sd.gov/HC65C2C/EBS/lettings/07122017final.pdf,"July 12, 2017",,2025-11-22T18:11:44.275703
SD,2017.0,https://apps.sd.gov/HC65C2C/EBS/lettings/06212017final.pdf,"June 21, 2017",,2025-11-22T18:11:44.275703
SD,2017.0,https://apps.sd.gov/HC65C2C/EBS/lettings/06072017final.pdf,"June 7, 2017",,2025-11-22T18:11:44.275703
SD,2017.0,https://apps.sd.gov/HC65C2C/EBS/lettings/05172017final.pdf,"May 17, 2017",,2025-11-22T18:11:44.275703
SD,2017.0,https://apps.sd.gov/HC65C2C/EBS/lettings/05042017final.pdf,"May 4, 2017 University Class",,2025-11-22T18:11:44.275703
SD,2017.0,https://apps.sd.gov/HC65C2C/EBS/lettings/05032017final.pdf,"May 3, 2017",,2025-11-22T18:11:44.275703
SD,2017.0,https://apps.sd.gov/HC65C2C/EBS/lettings/04192017final.pdf,"April 19, 2017",,2025-11-22T18:11:44.275703
SD,2017.0,https://apps.sd.gov/HC65C2C/EBS/lettings/04052017final.pdf,"April 5, 2017",,2025-11-22T18:11:44.275703
SD,2017.0,https://apps.sd.gov/HC65C2C/EBS/lettings/03152017final.pdf,"March 15, 2017",,2025-11-22T18:11:44.275703
SD,2017.0,https://apps.sd.gov/HC65C2C/EBS/lettings/03012017final.pdf,"March 1, 2017",,2025-11-22T18:11:44.275703
SD,2017.0,https://apps.sd.gov/HC65C2C/EBS/lettings/02152017final.pdf,"February 15, 2017",,2025-11-22T18:11:44.275703
SD,2017.0,https://apps.sd.gov/HC65C2C/EBS/lettings/02012017final.pdf,"February 1, 2017",,2025-11-22T18:11:44.275703
SD,2017.0,https://apps.sd.gov/HC65C2C/EBS/lettings/01252017final.pdf,"January 25, 2017",,2025-11-22T18:11:44.275703
SD,2017.0,https://apps.sd.gov/HC65C2C/EBS/lettings/01182017final.pdf,"January 18, 2017",,2025-11-22T18:11:44.275703
SD,2016.0,https://apps.sd.gov/HC65C2C/EBS/lettings/12142016final.pdf,"December 14, 2016",,2025-11-22T18:11:44.275703
SD,2016.0,https://apps.sd.gov/HC65C2C/EBS/lettings/12072016final.pdf,"December 7, 2016",,2025-11-22T18:11:44.275703
SD,2016.0,https://apps.sd.gov/HC65C2C/EBS/lettings/11162016final.pdf,"November 16, 2016",,2025-11-22T18:11:44.275703
SD,2016.0,https://apps.sd.gov/HC65C2C/EBS/lettings/11022016final.pdf,"November 2, 2016",,2025-11-22T18:11:44.275703
SD,2016.0,https://apps.sd.gov/HC65C2C/EBS/lettings/10192016final.pdf,"October 19, 2016",,2025-11-22T18:11:44.275703
SD,2016.0,https://apps.sd.gov/HC65C2C/EBS/lettings/10052016final.pdf,"October 5, 2016",,2025-11-22T18:11:44.275703
SD,2016.0,https://apps.sd.gov/HC65C2C/EBS/lettings/09212016final.pdf,"September 21, 2016",,2025-11-22T18:11:44.275703
SD,2016.0,https://apps.sd.gov/HC65C2C/EBS/lettings/09072016final.pdf,"September 7, 2016",,2025-11-22T18:11:44.275703
SD,2016.0,https://apps.sd.gov/HC65C2C/EBS/lettings/08172016final.pdf,"August 17, 2016",,2025-11-22T18:11:44.275703
SD,2016.0,https://apps.sd.gov/HC65C2C/EBS/lettings/08032016final.pdf,"August 3, 2016",,2025-11-22T18:11:44.275703
SD,2016.0,https://apps.sd.gov/HC65C2C/EBS/lettings/06152016final.pdf,"June 15, 2016",,2025-11-22T18:11:44.275703
SD,2016.0,https://apps.sd.gov/HC65C2C/EBS/lettings/06012016final.pdf,"June 1, 2016",,2025-11-22T18:11:44.275703
SD,2016.0,https://apps.sd.gov/HC65C2C/EBS/lettings/05182016final.pdf,"May 18, 2016",,2025-11-22T18:11:44.275703
SD,,https://apps.sd.gov/HC65C2C/EBS/lettings/05062016final.pdf,5/6/16 University Class,,2025-11-22T18:11:44.275703
SD,2016.0,https://apps.sd.gov/HC65C2C/EBS/lettings/05052016final.pdf,"May 5, 2016",,2025-11-22T18:11:44.275703
SD,2016.0,https://apps.sd.gov/HC65C2C/EBS/lettings/05042016final.pdf,"May 4, 2016",,2025-11-22T18:11:44.275703
SD,2016.0,https://apps.sd.gov/HC65C2C/EBS/lettings/04202016final.pdf,"April 20, 2016",,2025-11-22T18:11:44.275703
SD,2016.0,https://apps.sd.gov/HC65C2C/EBS/lettings/04062016final.pdf,"April 6, 2016",,2025-11-22T18:11:44.275703
SD,2016.0,https://apps.sd.gov/HC65C2C/EBS/lettings/03162016final.pdf,"March 16, 2016",,2025-11-22T18:11:44.275703
SD,2016.0,https://apps.sd.gov/HC65C2C/EBS/lettings/03022016final.pdf,"March 2, 2016",,2025-11-22T18:11:44.275703
SD,2016.0,https://apps.sd.gov/HC65C2C/EBS/lettings/02242016final.pdf,"February 24, 2016",,2025-11-22T18:11:44.275703
SD,2016.0,https://apps.sd.gov/HC65C2C/EBS/lettings/02172016final.pdf,"February 17, 2016",,2025-11-22T18:11:44.275703
SD,2016.0,https://apps.sd.gov/HC65C2C/EBS/lettings/02032016final.pdf,"February 3, 2016",,2025-11-22T18:11:44.275703
SD,2016.0,https://apps.sd.gov/HC65C2C/EBS/lettings/01202016final.pdf,"January 20, 2016",,2025-11-22T18:11:44.275703
SD,2015.0,https://apps.sd.gov/HC65C2C/EBS/lettings/12162015final.pdf,"December 16, 2015",,2025-11-22T18:11:44.275703
SD,2015.0,https://apps.sd.gov/HC65C2C/EBS/lettings/12032015final.pdf,"December 3, 2015",,2025-11-22T18:11:44.275703
SD,2015.0,https://apps.sd.gov/HC65C2C/EBS/lettings/12022015final.pdf,"December 2, 2015",,2025-11-22T18:11:44.275703
SD,2015.0,https://apps.sd.gov/HC65C2C/EBS/lettings/11182015final.pdf,"November 18, 2015",,2025-11-22T18:11:44.275703
SD,2015.0,https://apps.sd.gov/HC65C2C/EBS/lettings/11042015final.pdf,"November 4, 2015",,2025-11-22T18:11:44.275703
SD,2015.0,https://apps.sd.gov/HC65C2C/EBS/lettings/10212015final.pdf,"October 21, 2015",,2025-11-22T18:11:44.275703
SD,2015.0,https://apps.sd.gov/HC65C2C/EBS/lettings/10072015final.pdf,"October 7, 2015",,2025-11-22T18:11:44.275703
SD,2015.0,https://apps.sd.gov/HC65C2C/EBS/lettings/09162015final.pdf,"September 16, 2015",,2025-11-22T18:11:44.275703
SD,2015.0,https://apps.sd.gov/HC65C2C/EBS/lettings/09022015final.pdf,"September 2, 2015",,2025-11-22T18:11:44.275703
SD,2015.0,https://apps.sd.gov/HC65C2C/EBS/lettings/08192015final.pdf,"August 19, 2015",,2025-11-22T18:11:44.275703
SD,2015.0,https://apps.sd.gov/HC65C2C/EBS/lettings/08052015final.pdf,"August 5, 2015",,2025-11-22T18:11:44.275703
SD,2015.0,https://apps.sd.gov/HC65C2C/EBS/lettings/07152015final.pdf,"July 15, 2015",,2025-11-22T18:11:44.275703
SD,2015.0,https://apps.sd.gov/HC65C2C/EBS/lettings/07012015final.pdf,"July 1, 2015",,2025-11-22T18:11:44.275703
SD,2015.0,https://apps.sd.gov/HC65C2C/EBS/lettings/06172015final.pdf,"June 17, 2015",,2025-11-22T18:11:44.275703
SD,2015.0,https://apps.sd.gov/HC65C2C/EBS/lettings/06032015final.pdf,"June 3, 2015",,2025-11-22T18:11:44.275703
SD,2015.0,https://apps.sd.gov/HC65C2C/EBS/lettings/05202015final.pdf,"May 20, 2015",,2025-11-22T18:11:44.275703
SD,,https://apps.sd.gov/HC65C2C/EBS/lettings/05072015final.pdf,5/7/15 University Class,,2025-11-22T18:11:44.275703
SD,2015.0,https://apps.sd.gov/HC65C2C/EBS/lettings/05062015final.pdf,"May 6, 2015",,2025-11-22T18:11:44.275703
SD,2015.0,https://apps.sd.gov/HC65C2C/EBS/lettings/04172015final.pdf,"April 17, 2015 Letting",,2025-11-22T18:11:44.275703
SD,2015.0,https://apps.sd.gov/HC65C2C/EBS/lettings/04152015final.pdf,"April 15, 2015",,2025-11-22T18:11:44.275703
SD,2015.0,https://apps.sd.gov/HC65C2C/EBS/lettings/04012015final.pdf,"April 1, 2015",,2025-11-22T18:11:44.275703
SD,2015.0,https://apps.sd.gov/HC65C2C/EBS/lettings/03252015final.pdf,"March 25, 2015",,2025-11-22T18:11:44.275703
SD,2015.0,https://apps.sd.gov/HC65C2C/EBS/lettings/03182015final.pdf,"March 18, 2015",,2025-11-22T18:11:44.275703
SD,2015.0,https://apps.sd.gov/HC65C2C/EBS/lettings/03042015final.pdf,"March 4, 2015",,2025-11-22T18:11:44.275703
SD,2015.0,https://apps.sd.gov/HC65C2C/EBS/lettings/02182015final.pdf,"February 18, 2015",,2025-11-22T18:11:44.275703
SD,2015.0,https://apps.sd.gov/HC65C2C/EBS/lettings/02042015final.pdf,"February 4, 2015",,2025-11-22T18:11:44.275703
SD,2015.0,https://apps.sd.gov/HC65C2C/EBS/lettings/01212015final.pdf,"January 21, 2015",,2025-11-22T18:11:44.275703
SD,2014.0,https://apps.sd.gov/HC65C2C/EBS/lettings/12102014final.pdf,"December 10, 2014",,2025-11-22T18:11:44.275703
SD,2014.0,https://apps.sd.gov/HC65C2C/EBS/lettings/11192014final.pdf,"November 19, 2014",,2025-11-22T18:11:44.275703
SD,2014.0,https://apps.sd.gov/HC65C2C/EBS/lettings/11052014final.pdf,"November 5, 2014",,2025-11-22T18:11:44.275703
SD,2014.0,https://apps.sd.gov/HC65C2C/EBS/lettings/10152014final.pdf,"October 15, 2014",,2025-11-22T18:11:44.275703
SD,2014.0,https://apps.sd.gov/HC65C2C/EBS/lettings/10012014final.pdf,"October 1, 2014",,2025-11-22T18:11:44.275703
SD,2014.0,https://apps.sd.gov/HC65C2C/EBS/lettings/09172014final.pdf,"September 17, 2014",,2025-11-22T18:11:44.275703
SD,2014.0,https://apps.sd.gov/HC65C2C/EBS/lettings/09032014final.pdf,"September 3, 2014",,2025-11-22T18:11:44.275703
SD,2014.0,https://apps.sd.gov/HC65C2C/EBS/lettings/08202014final.pdf,"August 20, 2014",,2025-11-22T18:11:44.275703
SD,2014.0,https://apps.sd.gov/HC65C2C/EBS/lettings/08132014final.pdf,"August 13, 2014",,2025-11-22T18:11:44.275703
SD,2014.0,https://apps.sd.gov/HC65C2C/EBS/lettings/07172014final.pdf,"July 17, 2014",,2025-11-22T18:11:44.275703
SD,2014.0,https://apps.sd.gov/HC65C2C/EBS/lettings/07162014final.pdf,"July 16, 2014",,2025-11-22T18:11:44.275703
SD,2014.0,https://apps.sd.gov/HC65C2C/EBS/lettings/06112014final.pdf,"June 11, 2014",,2025-11-22T18:11:44.275703
SD,2014.0,https://apps.sd.gov/HC65C2C/EBS/lettings/06042014final.pdf,"June 4, 2014",,2025-11-22T18:11:44.275703
SD,2014.0,https://apps.sd.gov/HC65C2C/EBS/lettings/05212014final.pdf,"May 21, 2014",,2025-11-22T18:11:44.275703
SD,,https://apps.sd.gov/HC65C2C/EBS/lettings/05082014final.pdf,5/8/14 University Class,,2025-11-22T18:11:44.275703
SD,2014.0,https://apps.sd.gov/HC65C2C/EBS/lettings/05072014final.pdf,"May 7, 2014",,2025-11-22T18:11:44.275703
SD,2014.0,https://apps.sd.gov/HC65C2C/EBS/lettings/04162014final.pdf,"April 16, 2014",,2025-11-22T18:11:44.275703
SD,2014.0,https://apps.sd.gov/HC65C2C/EBS/lettings/04022014final.pdf,"April 2, 2014",,2025-11-22T18:11:44.275703
SD,2014.0,https://apps.sd.gov/HC65C2C/EBS/lettings/03262014final.pdf,"March 26, 2014",,2025-11-22T18:11:44.275703
SD,2014.0,https://apps.sd.gov/HC65C2C/EBS/lettings/03192014final.pdf,"March 19, 2014",,2025-11-22T18:11:44.275703
SD,2014.0,https://apps.sd.gov/HC65C2C/EBS/lettings/03052014final.pdf,"March 5, 2014",,2025-11-22T18:11:44.275703
SD,2014.0,https://apps.sd.gov/HC65C2C/EBS/lettings/02192014final.pdf,"February 19, 2014",,2025-11-22T18:11:44.275703
SD,2014.0,https://apps.sd.gov/HC65C2C/EBS/lettings/02052014final.pdf,"February 5, 2014",,2025-11-22T18:11:44.275703
SD,2014.0,https://apps.sd.gov/HC65C2C/EBS/lettings/01152014final.pdf,"January 15, 2014",,2025-11-22T18:11:44.275703
SD,2013.0,https://apps.sd.gov/HC65C2C/EBS/lettings/12182013final.pdf,"December 18, 2013",,2025-11-22T18:11:44.275703
SD,2013.0,https://apps.sd.gov/HC65C2C/EBS/lettings/12042013final.pdf,"December 4, 2013",,2025-11-22T18:11:44.275703
SD,2013.0,https://apps.sd.gov/HC65C2C/EBS/lettings/11202013final.pdf,"November 20, 2013",,2025-11-22T18:11:44.275703
SD,2013.0,https://apps.sd.gov/HC65C2C/EBS/lettings/11062013final.pdf,"November 6, 2013",,2025-11-22T18:11:44.275703
SD,2013.0,https://apps.sd.gov/HC65C2C/EBS/lettings/10162013final.pdf,"October 16, 2013",,2025-11-22T18:11:44.275703
SD,2013.0,https://apps.sd.gov/HC65C2C/EBS/lettings/10022013final.pdf,"October 2, 2013",,2025-11-22T18:11:44.275703
SD,2013.0,https://apps.sd.gov/HC65C2C/EBS/lettings/09182013final.pdf,"September 18, 2013",,2025-11-22T18:11:44.275703
SD,2013.0,https://apps.sd.gov/HC65C2C/EBS/lettings/09042013final.pdf,"September 4, 2013",,2025-11-22T18:11:44.275703
SD,2013.0,https://apps.sd.gov/HC65C2C/EBS/lettings/08212013final.pdf,"August 21, 2013",,2025-11-22T18:11:44.275703
SD,2013.0,https://apps.sd.gov/HC65C2C/EBS/lettings/08072013final.pdf,"August 7, 2013",,2025-11-22T18:11:44.275703
SD,2013.0,https://apps.sd.gov/HC65C2C/EBS/lettings/07172013final.pdf,"July 17, 2013",,2025-11-22T18:11:44.275703
SD,2013.0,https://apps.sd.gov/HC65C2C/EBS/lettings/06192013final.pdf,"June 19, 2013",,2025-11-22T18:11:44.275703
SD,2013.0,https://apps.sd.gov/HC65C2C/EBS/lettings/06052013final.pdf,"June 5, 2013",,2025-11-22T18:11:44.275703
SD,2013.0,https://apps.sd.gov/HC65C2C/EBS/lettings/05152013final.pdf,"May 15, 2013",,2025-11-22T18:11:44.275703
SD,,https://apps.sd.gov/HC65C2C/EBS/lettings/05022013final.pdf,5/2/13 University Class,,2025-11-22T18:11:44.275703
SD,2013.0,https://apps.sd.gov/HC65C2C/EBS/lettings/05012013final.pdf,"May 1, 2013",,2025-11-22T18:11:44.275703
SD,2013.0,https://apps.sd.gov/HC65C2C/EBS/lettings/04242013final.pdf,"April 24, 2013",,2025-11-22T18:11:44.275703
SD,2013.0,https://apps.sd.gov/HC65C2C/EBS/lettings/04172013final.pdf,"April 17, 2013",,2025-11-22T18:11:44.275703
SD,2013.0,https://apps.sd.gov/HC65C2C/EBS/lettings/04032013final.pdf,"April 3, 2013",,2025-11-22T18:11:44.275703
SD,2013.0,https://apps.sd.gov/HC65C2C/EBS/lettings/03272013final.pdf,"March 27, 2013",,2025-11-22T18:11:44.275703
SD,2013.0,https://apps.sd.gov/HC65C2C/EBS/lettings/03202013final.pdf,"March 20, 2013",,2025-11-22T18:11:44.275703
SD,2013.0,https://apps.sd.gov/HC65C2C/EBS/lettings/03062013final.pdf,"March 6, 2013",,2025-11-22T18:11:44.275703
SD,2013.0,https://apps.sd.gov/HC65C2C/EBS/lettings/02202013final.pdf,"February 20, 2013",,2025-11-22T18:11:44.275703
SD,2013.0,https://apps.sd.gov/HC65C2C/EBS/lettings/02062013final.pdf,"February 6, 2013",,2025-11-22T18:11:44.275703
SD,2013.0,https://apps.sd.gov/HC65C2C/EBS/lettings/01162013final.pdf,"January 16, 2013 Letting",,2025-11-22T18:11:44.275703
SD,2012.0,https://apps.sd.gov/HC65C2C/EBS/lettings/12122012final.pdf,"December 12, 2012",,2025-11-22T18:11:44.275703
SD,2012.0,https://apps.sd.gov/HC65C2C/EBS/lettings/12052012final.pdf,"December 5, 2012",,2025-11-22T18:11:44.275703
SD,2012.0,https://apps.sd.gov/HC65C2C/EBS/lettings/11212012final.pdf,"November 21, 2012",,2025-11-22T18:11:44.275703
SD,2012.0,https://apps.sd.gov/HC65C2C/EBS/lettings/10172012final.pdf,"October 17, 2012",,2025-11-22T18:11:44.275703
SD,2012.0,https://apps.sd.gov/HC65C2C/EBS/lettings/10032012final.pdf,"October 3, 2012",,2025-11-22T18:11:44.275703
SD,2012.0,https://apps.sd.gov/HC65C2C/EBS/lettings/09192012final.pdf,"September 19, 2012",,2025-11-22T18:11:44.275703
SD,2012.0,https://apps.sd.gov/HC65C2C/EBS/lettings/09052012final.pdf,"September 5, 2012",,2025-11-22T18:11:44.275703
SD,2012.0,https://apps.sd.gov/HC65C2C/EBS/lettings/08152012final.pdf,"August 15, 2012",,2025-11-22T18:11:44.275703
SD,2012.0,https://apps.sd.gov/HC65C2C/EBS/lettings/07182012final.pdf,"July 18, 2012",,2025-11-22T18:11:44.275703
SD,2012.0,https://apps.sd.gov/HC65C2C/EBS/lettings/06202012final.pdf,"June 20, 2012",,2025-11-22T18:11:44.275703
SD,2012.0,https://apps.sd.gov/HC65C2C/EBS/lettings/06062012final.pdf,"June 6, 2012",,2025-11-22T18:11:44.275703
SD,2012.0,https://apps.sd.gov/HC65C2C/EBS/lettings/05162012final.pdf,"May 16, 2012",,2025-11-22T18:11:44.275703
SD,,https://apps.sd.gov/HC65C2C/EBS/lettings/05032012final.pdf,5-3-12 University Class,,2025-11-22T18:11:44.275703
SD,2012.0,https://apps.sd.gov/HC65C2C/EBS/lettings/05022012final.pdf,"May 2, 2012",,2025-11-22T18:11:44.275703
SD,2012.0,https://apps.sd.gov/HC65C2C/EBS/lettings/04252012final.pdf,"April 25, 2012",,2025-11-22T18:11:44.275703
SD,2012.0,https://apps.sd.gov/HC65C2C/EBS/lettings/04182012final.pdf,"April 18, 2012",,2025-11-22T18:11:44.275703
SD,2012.0,https://apps.sd.gov/HC65C2C/EBS/lettings/04042012final.pdf,"April 4, 2012",,2025-11-22T18:11:44.275703
SD,2012.0,https://apps.sd.gov/HC65C2C/EBS/lettings/03212012final.pdf,"March 21, 2012",,2025-11-22T18:11:44.275703
SD,2012.0,https://apps.sd.gov/HC65C2C/EBS/lettings/03072012final.pdf,"March 7, 2012",,2025-11-22T18:11:44.275703
SD,2012.0,https://apps.sd.gov/HC65C2C/EBS/lettings/02152012final.pdf,"February 15, 2012",,2025-11-22T18:11:44.275703
SD,2012.0,https://apps.sd.gov/HC65C2C/EBS/lettings/02012012final.pdf,"February 1, 2012",,2025-11-22T18:11:44.275703
SD,2012.0,https://apps.sd.gov/HC65C2C/EBS/lettings/01182012final.pdf,"January 18, 2012",,2025-11-22T18:11:44.275703
SD,2011.0,https://apps.sd.gov/HC65C2C/EBS/lettings/12142011final.pdf,"December 14, 2011",,2025-11-22T18:11:44.275703
SD,2011.0,https://apps.sd.gov/HC65C2C/EBS/lettings/11162011final.pdf,"November 16, 2011",,2025-11-22T18:11:44.275703
SD,2011.0,https://apps.sd.gov/HC65C2C/EBS/lettings/11022011final.pdf,"November 2, 2011",,2025-11-22T18:11:44.275703
SD,2011.0,https://apps.sd.gov/HC65C2C/EBS/lettings/10192011final.pdf,"October 19, 2011",,2025-11-22T18:11:44.275703
SD,2011.0,https://apps.sd.gov/HC65C2C/EBS/lettings/10052011final.pdf,"October 5, 2011",,2025-11-22T18:11:44.275703
SD,2011.0,https://apps.sd.gov/HC65C2C/EBS/lettings/09212011final.pdf,"September 21, 2011",,2025-11-22T18:11:44.275703
SD,2011.0,https://apps.sd.gov/HC65C2C/EBS/lettings/09072011final.pdf,"September 7, 2011",,2025-11-22T18:11:44.275703
SD,2011.0,https://apps.sd.gov/HC65C2C/EBS/lettings/08172011final.pdf,"August 17, 2011",,2025-11-22T18:11:44.275703
SD,2011.0,https://apps.sd.gov/HC65C2C/EBS/lettings/08042011final.pdf,"August 4, 2011",,2025-11-22T18:11:44.275703
SD,2011.0,https://apps.sd.gov/HC65C2C/EBS/lettings/08032011final.pdf,"August 3, 2011",,2025-11-22T18:11:44.275703
SD,2011.0,https://apps.sd.gov/HC65C2C/EBS/lettings/07202011final.pdf,"July 20, 2011",,2025-11-22T18:11:44.275703
SD,2011.0,https://apps.sd.gov/HC65C2C/EBS/lettings/07062011final.pdf,"July 6, 2011",,2025-11-22T18:11:44.275703
SD,2011.0,https://apps.sd.gov/HC65C2C/EBS/lettings/06152011final.pdf,"June 15, 2011",,2025-11-22T18:11:44.275703
SD,2011.0,https://apps.sd.gov/HC65C2C/EBS/lettings/06012011final.pdf,"June 1, 2011",,2025-11-22T18:11:44.275703
SD,2011.0,https://apps.sd.gov/HC65C2C/EBS/lettings/05182011final.pdf,"May 18, 2011",,2025-11-22T18:11:44.275703
SD,2011.0,https://apps.sd.gov/HC65C2C/EBS/lettings/05112011final.pdf,"May 11, 2011",,2025-11-22T18:11:44.275703
SD,2011.0,https://apps.sd.gov/HC65C2C/EBS/lettings/04272011final.pdf,"April 27, 2011",,2025-11-22T18:11:44.275703
SD,2011.0,https://apps.sd.gov/HC65C2C/EBS/lettings/04212011final.pdf,"April 21, 2011",,2025-11-22T18:11:44.275703
SD,2011.0,https://apps.sd.gov/HC65C2C/EBS/lettings/03162011final.pdf,"March 16, 2011",,2025-11-22T18:11:44.275703
SD,2011.0,https://apps.sd.gov/HC65C2C/EBS/lettings/03092011final.pdf,"March 9, 2011",,2025-11-22T18:11:44.275703
SD,2011.0,https://apps.sd.gov/HC65C2C/EBS/lettings/03022011final.pdf,"March 2, 2011",,2025-11-22T18:11:44.275703
SD,2011.0,https://apps.sd.gov/HC65C2C/EBS/lettings/02162011final.pdf,"February 16, 2011",,2025-11-22T18:11:44.275703
SD,2011.0,https://apps.sd.gov/HC65C2C/EBS/lettings/02022011final.pdf,"February 2, 2011",,2025-11-22T18:11:44.275703
SD,2011.0,https://apps.sd.gov/HC65C2C/EBS/lettings/01192011final.pdf,"January 19, 2011",,2025-11-22T18:11:44.275703
SD,2010.0,https://apps.sd.gov/HC65C2C/EBS/lettings/11032010final.pdf,"November 3, 2010",,2025-11-22T18:11:44.275703
SD,2010.0,https://apps.sd.gov/HC65C2C/EBS/lettings/10282010final.pdf,"October 28, 2010",,2025-11-22T18:11:44.275703
SD,2010.0,https://apps.sd.gov/HC65C2C/EBS/lettings/10272010final.pdf,"October 27, 2010",,2025-11-22T18:11:44.275703
SD,2010.0,https://apps.sd.gov/HC65C2C/EBS/lettings/10202010final.pdf,"October 20, 2010",,2025-11-22T18:11:44.275703
SD,2010.0,https://apps.sd.gov/HC65C2C/EBS/lettings/10062010final.pdf,"October 6, 2010",,2025-11-22T18:11:44.275703
SD,2010.0,https://apps.sd.gov/HC65C2C/EBS/lettings/09222010final.pdf,"September 22, 2010",,2025-11-22T18:11:44.275703
SD,2010.0,https://apps.sd.gov/HC65C2C/EBS/lettings/09152010final.pdf,"September 15, 2010",,2025-11-22T18:11:44.275703
SD,2010.0,https://apps.sd.gov/HC65C2C/EBS/lettings/09082010final.pdf,September 8. 2010,,2025-11-22T18:11:44.275703
SD,2010.0,https://apps.sd.gov/HC65C2C/EBS/lettings/09012010final.pdf,"September 1, 2010",,2025-11-22T18:11:44.275703
SD,2010.0,https://apps.sd.gov/HC65C2C/EBS/lettings/08182010final.pdf,"August 18, 2010",,2025-11-22T18:11:44.275703
SD,2010.0,https://apps.sd.gov/HC65C2C/EBS/lettings/08052010final.pdf,"August 5, 2010",,2025-11-22T18:11:44.275703
SD,2010.0,https://apps.sd.gov/HC65C2C/EBS/lettings/08042010final.pdf,"August 4, 2010",,2025-11-22T18:11:44.275703
SD,2010.0,https://apps.sd.gov/HC65C2C/EBS/lettings/08032010final.pdf,"August 3, 2010",,2025-11-22T18:11:44.275703
SD,2010.0,https://apps.sd.gov/HC65C2C/EBS/lettings/07212010final.pdf,"July 21, 2010",,2025-11-22T18:11:44.275703
SD,2010.0,https://apps.sd.gov/HC65C2C/EBS/lettings/07072010final.pdf,"July 7, 2010",,2025-11-22T18:11:44.275703
SD,2010.0,https://apps.sd.gov/HC65C2C/EBS/lettings/06232010final.pdf,"June 23, 2010 Special",,2025-11-22T18:11:44.275703
SD,2010.0,https://apps.sd.gov/HC65C2C/EBS/lettings/06162010final.pdf,"June 16, 2010",,2025-11-22T18:11:44.275703
SD,2010.0,https://apps.sd.gov/HC65C2C/EBS/lettings/06032010final.pdf,"June 3, 2010",,2025-11-22T18:11:44.275703
SD,2010.0,https://apps.sd.gov/HC65C2C/EBS/lettings/06022010final.pdf,"June 2, 2010",,2025-11-22T18:11:44.275703
SD,2010.0,https://apps.sd.gov/HC65C2C/EBS/lettings/05192010final.pdf,"May 19, 2010",,2025-11-22T18:11:44.275703
SD,2010.0,https://apps.sd.gov/HC65C2C/EBS/lettings/05052010final.pdf,"May 5, 2010",,2025-11-22T18:11:44.275703
SD,2010.0,https://apps.sd.gov/HC65C2C/EBS/lettings/04282010final.pdf,"April 28, 2010 (By Addm)",,2025-11-22T18:11:44.275703
SD,2010.0,https://apps.sd.gov/HC65C2C/EBS/lettings/04212010final.pdf,"April 21, 2010",,2025-11-22T18:11:44.275703
SD,2010.0,https://apps.sd.gov/HC65C2C/EBS/lettings/04072010final.pdf,"April 7, 2010",,2025-11-22T18:11:44.275703
SD,2010.0,https://apps.sd.gov/HC65C2C/EBS/lettings/03312010final.pdf,"March 31, 2010",,2025-11-22T18:11:44.275703
SD,2010.0,https://apps.sd.gov/HC65C2C/EBS/lettings/03172010final.pdf,"March 17, 2010",,2025-11-22T18:11:44.275703
SD,2010.0,https://apps.sd.gov/HC65C2C/EBS/lettings/03032010final.pdf,"March 3, 2010",,2025-11-22T18:11:44.275703
SD,2010.0,https://apps.sd.gov/HC65C2C/EBS/lettings/02172010final.pdf,"February 17, 2010",,2025-11-22T18:11:44.275703
SD,2010.0,https://apps.sd.gov/HC65C2C/EBS/lettings/02102010final.pdf,"February 10, 2010",,2025-11-22T18:11:44.275703
SD,2010.0,https://apps.sd.gov/HC65C2C/EBS/lettings/02032010final.pdf,"February 3, 2010",,2025-11-22T18:11:44.275703
SD,2010.0,https://apps.sd.gov/HC65C2C/EBS/lettings/01272010final.pdf,"January 27, 2010",,2025-11-22T18:11:44.275703
SD,2010.0,https://apps.sd.gov/HC65C2C/EBS/lettings/01202010final.pdf,"January 20, 2010",,2025-11-22T18:11:44.275703
SD,2009.0,https://apps.sd.gov/HC65C2C/EBS/lettings/12162009final.pdf,"December 16, 2009",,2025-11-22T18:11:44.275703
SD,2009.0,https://apps.sd.gov/HC65C2C/EBS/lettings/12022009final.pdf,"December 2, 2009",,2025-11-22T18:11:44.275703
SD,2009.0,https://apps.sd.gov/HC65C2C/EBS/lettings/11182009final.pdf,"November 18, 2009",,2025-11-22T18:11:44.275703
SD,2009.0,https://apps.sd.gov/HC65C2C/EBS/lettings/11042009final.pdf,"November 4, 2009",,2025-11-22T18:11:44.275703
SD,2009.0,https://apps.sd.gov/HC65C2C/EBS/lettings/10212009final.pdf,"October 21, 2009",,2025-11-22T18:11:44.275703
SD,2009.0,https://apps.sd.gov/HC65C2C/EBS/lettings/10072009final.pdf,"October 7, 2009",,2025-11-22T18:11:44.275703
SD,2009.0,https://apps.sd.gov/HC65C2C/EBS/lettings/09162009final.pdf,"September 16, 2009",,2025-11-22T18:11:44.275703
SD,2009.0,https://apps.sd.gov/HC65C2C/EBS/lettings/09022009final.pdf,"September 2, 2009",,2025-11-22T18:11:44.275703
SD,2009.0,https://apps.sd.gov/HC65C2C/EBS/lettings/08192009final.pdf,"August 19, 2009",,2025-11-22T18:11:44.275703
SD,2009.0,https://apps.sd.gov/HC65C2C/EBS/lettings/08052009final.pdf,"August 5, 2009",,2025-11-22T18:11:44.275703
SD,2009.0,https://apps.sd.gov/HC65C2C/EBS/lettings/07152009final.pdf,"July 15, 2009",,2025-11-22T18:11:44.275703
SD,2009.0,https://apps.sd.gov/HC65C2C/EBS/lettings/07012009final.pdf,"July 1, 2009",,2025-11-22T18:11:44.275703
SD,2009.0,https://apps.sd.gov/HC65C2C/EBS/lettings/06172009final.pdf,"June 17, 2009",,2025-11-22T18:11:44.275703
SD,2009.0,https://apps.sd.gov/HC65C2C/EBS/lettings/06032009final.pdf,"June 3, 2009",,2025-11-22T18:11:44.275703
SD,2009.0,https://apps.sd.gov/HC65C2C/EBS/lettings/05202009final.pdf,"May 20, 2009",,2025-11-22T18:11:44.275703
SD,2009.0,https://apps.sd.gov/HC65C2C/EBS/lettings/05062009final.pdf,"May 6, 2009",,2025-11-22T18:11:44.275703
SD,2009.0,https://apps.sd.gov/HC65C2C/EBS/lettings/04152009final.pdf,"April 15, 2009",,2025-11-22T18:11:44.275703
SD,2009.0,https://apps.sd.gov/HC65C2C/EBS/lettings/04012009final.pdf,"April 1, 2009",,2025-11-22T18:11:44.275703
SD,2009.0,https://apps.sd.gov/HC65C2C/EBS/lettings/03252009final.pdf,"March 25, 2009",,2025-11-22T18:11:44.275703
SD,2009.0,https://apps.sd.gov/HC65C2C/EBS/lettings/03182009final.pdf,"March 18, 2009",,2025-11-22T18:11:44.275703
SD,2009.0,https://apps.sd.gov/HC65C2C/EBS/lettings/03062009final.pdf,"March 6, 2009",,2025-11-22T18:11:44.275703
SD,2009.0,https://apps.sd.gov/HC65C2C/EBS/lettings/03042009final.pdf,"March 4, 2009",,2025-11-22T18:11:44.275703
SD,2009.0,https://apps.sd.gov/HC65C2C/EBS/lettings/02182009final.pdf,"February 18, 2009",,2025-11-22T18:11:44.275703
SD,2009.0,https://apps.sd.gov/HC65C2C/EBS/lettings/02132009final.pdf,"February 13, 2009",,2025-11-22T18:11:44.275703
SD,2009.0,https://apps.sd.gov/HC65C2C/EBS/lettings/02042009final.pdf,"February 4, 2009",,2025-11-22T18:11:44.275703
SD,2009.0,https://apps.sd.gov/HC65C2C/EBS/lettings/01212009final.pdf,"January 21, 2009",,2025-11-22T18:11:44.275703
SD,2008.0,https://apps.sd.gov/HC65C2C/EBS/lettings/12172008final.pdf,"December 17, 2008",,2025-11-22T18:11:44.275703
SD,2008.0,https://apps.sd.gov/HC65C2C/EBS/lettings/12032008final.pdf,"December 3, 2008",,2025-11-22T18:11:44.275703
SD,2008.0,https://apps.sd.gov/HC65C2C/EBS/lettings/11192008final.pdf,"November 19, 2008",,2025-11-22T18:11:44.275703
SD,2008.0,https://apps.sd.gov/HC65C2C/EBS/lettings/11052008final.pdf,"November 5, 2008",,2025-11-22T18:11:44.275703
SD,2008.0,https://apps.sd.gov/HC65C2C/EBS/lettings/10152008final.pdf,"October 15, 2008",,2025-11-22T18:11:44.275703
SD,2008.0,https://apps.sd.gov/HC65C2C/EBS/lettings/10012008final.pdf,"October 1, 2008",,2025-11-22T18:11:44.275703
SD,2008.0,https://apps.sd.gov/HC65C2C/EBS/lettings/09172008final.pdf,"September 17, 2008",,2025-11-22T18:11:44.275703
SD,2008.0,https://apps.sd.gov/HC65C2C/EBS/lettings/09032008final.pdf,9-3-2008 Letting Cancelled,,2025-11-22T18:11:44.275703
SD,2008.0,https://apps.sd.gov/HC65C2C/EBS/lettings/08202008final.pdf,"August 20, 2008",,2025-11-22T18:11:44.275703
SD,2008.0,https://apps.sd.gov/HC65C2C/EBS/lettings/08062008final.pdf,"August 6, 2008",,2025-11-22T18:11:44.275703
SD,2008.0,https://apps.sd.gov/HC65C2C/EBS/lettings/07162008final.pdf,"July 16, 2008",,2025-11-22T18:11:44.275703
SD,2008.0,https://apps.sd.gov/HC65C2C/EBS/lettings/06182008final.pdf,"June 18, 2008",,2025-11-22T18:11:44.275703
SD,2008.0,https://apps.sd.gov/HC65C2C/EBS/lettings/06042008final.pdf,"June 4, 2008",,2025-11-22T18:11:44.275703
SD,2008.0,https://apps.sd.gov/HC65C2C/EBS/lettings/05212008final.pdf,"May 21, 2008",,2025-11-22T18:11:44.275703
SD,2008.0,https://apps.sd.gov/HC65C2C/EBS/lettings/05072008final.pdf,"May 7, 2008",,2025-11-22T18:11:44.275703
SD,2008.0,https://apps.sd.gov/HC65C2C/EBS/lettings/04162008final.pdf,"April 16, 2008",,2025-11-22T18:11:44.275703
SD,2008.0,https://apps.sd.gov/HC65C2C/EBS/lettings/04022008final.pdf,"April 2, 2008",,2025-11-22T18:11:44.275703
SD,2008.0,https://apps.sd.gov/HC65C2C/EBS/lettings/03192008final.pdf,"March 19, 2008",,2025-11-22T18:11:44.275703
SD,2008.0,https://apps.sd.gov/HC65C2C/EBS/lettings/03052008final.pdf,"March 5, 2008",,2025-11-22T18:11:44.275703
SD,2008.0,https://apps.sd.gov/HC65C2C/EBS/lettings/02202008final.pdf,"February 20, 2008",,2025-11-22T18:11:44.275703
SD,2008.0,https://apps.sd.gov/HC65C2C/EBS/lettings/02062008final.pdf,"February 6, 2008",,2025-11-22T18:11:44.275703
SD,2008.0,https://apps.sd.gov/HC65C2C/EBS/lettings/01302008final.pdf,"January 30, 2008",,2025-11-22T18:11:44.275703
SD,2008.0,https://apps.sd.gov/HC65C2C/EBS/lettings/01162008final.pdf,"January 16, 2008",,2025-11-22T18:11:44.275703
SD,2007.0,https://apps.sd.gov/HC65C2C/EBS/lettings/12052007final.pdf,"December 5, 2007",,2025-11-22T18:11:44.275703
SD,2007.0,https://apps.sd.gov/HC65C2C/EBS/lettings/11212007final.pdf,"November 21, 2007",,2025-11-22T18:11:44.275703
SD,2007.0,https://apps.sd.gov/HC65C2C/EBS/lettings/11072007final.pdf,"November 7, 2007",,2025-11-22T18:11:44.275703
SD,2007.0,https://apps.sd.gov/HC65C2C/EBS/lettings/10172007final.pdf,"October 17, 2007",,2025-11-22T18:11:44.275703
SD,2007.0,https://apps.sd.gov/HC65C2C/EBS/lettings/10032007final.pdf,"October 3, 2007",,2025-11-22T18:11:44.275703
SD,2007.0,https://apps.sd.gov/HC65C2C/EBS/lettings/09192007final.pdf,"September 19, 2007",,2025-11-22T18:11:44.275703
SD,2007.0,https://apps.sd.gov/HC65C2C/EBS/lettings/09052007final.pdf,"September 5, 2007",,2025-11-22T18:11:44.275703
SD,2007.0,https://apps.sd.gov/HC65C2C/EBS/lettings/08152007final.pdf,"August 15, 2007",,2025-11-22T18:11:44.275703
SD,2007.0,https://apps.sd.gov/HC65C2C/EBS/lettings/08012007final.pdf,8-1-2007 Letting Cancelled,,2025-11-22T18:11:44.275703
SD,2007.0,https://apps.sd.gov/HC65C2C/EBS/lettings/07182007final.pdf,"July 18, 2007",,2025-11-22T18:11:44.275703
SD,2007.0,https://apps.sd.gov/HC65C2C/EBS/lettings/06202007final.pdf,"June 20, 2007",,2025-11-22T18:11:44.275703
SD,2007.0,https://apps.sd.gov/HC65C2C/EBS/lettings/06062007final.pdf,"June 6, 2007",,2025-11-22T18:11:44.275703
SD,2007.0,https://apps.sd.gov/HC65C2C/EBS/lettings/05162007final.pdf,"May 16, 2007",,2025-11-22T18:11:44.275703
SD,2007.0,https://apps.sd.gov/HC65C2C/EBS/lettings/05022007final.pdf,"May 2, 2007",,2025-11-22T18:11:44.275703
SD,2007.0,https://apps.sd.gov/HC65C2C/EBS/lettings/04182007final.pdf,"April 18, 2007",,2025-11-22T18:11:44.275703
SD,2007.0,https://apps.sd.gov/HC65C2C/EBS/lettings/04042007final.pdf,"April 4, 2007",,2025-11-22T18:11:44.275703
SD,2007.0,https://apps.sd.gov/HC65C2C/EBS/lettings/03212007final.pdf,"March 21, 2007",,2025-11-22T18:11:44.275703
SD,2007.0,https://apps.sd.gov/HC65C2C/EBS/lettings/03072007final.pdf,"March 7, 2007",,2025-11-22T18:11:44.275703
SD,2007.0,https://apps.sd.gov/HC65C2C/EBS/lettings/02212007final.pdf,"February 21, 2007",,2025-11-22T18:11:44.275703
SD,2007.0,https://apps.sd.gov/HC65C2C/EBS/lettings/02072007final.pdf,"February 7, 2007",,2025-11-22T18:11:44.275703
SD,2007.0,https://apps.sd.gov/HC65C2C/EBS/lettings/01172007final.pdf,"January 17, 2007",,2025-11-22T18:11:44.275703
SD,2006.0,https://apps.sd.gov/HC65C2C/EBS/lettings/12062006final.pdf,"December 6, 2006",,2025-11-22T18:11:44.275703
SD,2006.0,https://apps.sd.gov/HC65C2C/EBS/lettings/11152006final.pdf,"November 15, 2006",,2025-11-22T18:11:44.275703
SD,2006.0,https://apps.sd.gov/HC65C2C/EBS/lettings/10182006final.pdf,"October 18, 2006",,2025-11-22T18:11:44.275703
SD,2006.0,https://apps.sd.gov/HC65C2C/EBS/lettings/10042006final.pdf,"October 4, 2006",,2025-11-22T18:11:44.275703
SD,2006.0,https://apps.sd.gov/HC65C2C/EBS/lettings/09202006final.pdf,"September 20, 2006",,2025-11-22T18:11:44.275703
SD,2006.0,https://apps.sd.gov/HC65C2C/EBS/lettings/09062006final.pdf,"September 6, 2006",,2025-11-22T18:11:44.275703
SD,2006.0,https://apps.sd.gov/HC65C2C/EBS/lettings/08012006final.pdf,"August 1, 2006",,2025-11-22T18:11:44.275703
SD,2006.0,https://apps.sd.gov/HC65C2C/EBS/lettings/07192006final.pdf,"July 19, 2006",,2025-11-22T18:11:44.275703
SD,2006.0,https://apps.sd.gov/HC65C2C/EBS/lettings/06272006final.pdf,"June 27, 2006",,2025-11-22T18:11:44.275703
SD,2006.0,https://apps.sd.gov/HC65C2C/EBS/lettings/05172006final.pdf,"May 17, 2006",,2025-11-22T18:11:44.275703
SD,2006.0,https://apps.sd.gov/HC65C2C/EBS/lettings/04192006final.pdf,"April 19, 2006",,2025-11-22T18:11:44.275703
SD,2006.0,https://apps.sd.gov/HC65C2C/EBS/lettings/03292006final.pdf,"March 29, 2006",,2025-11-22T18:11:44.275703
SD,2006.0,https://apps.sd.gov/HC65C2C/EBS/lettings/03162006final.pdf,"March 16, 2006",,2025-11-22T18:11:44.275703
SD,2006.0,https://apps.sd.gov/HC65C2C/EBS/lettings/02152006final.pdf,"February 15, 2006",,2025-11-22T18:11:44.275703
SD,2006.0,https://apps.sd.gov/HC65C2C/EBS/lettings/02082006final.pdf,"February 8, 2006 Letting",,2025-11-22T18:11:44.275703
SD,2006.0,https://apps.sd.gov/HC65C2C/EBS/lettings/01182006final.pdf,"January 18, 2006 (moved from the 17th)",,2025-11-22T18:11:44.275703
IA,2025.0,https://iowadot.gov/media/12726/download?inline,11/18/25 Bid Tabulations,,2025-11-22T18:12:06.374909
IA,2025.0,https://iowadot.gov/media/12608/download?inline,10/22/25 Bid Tabulations,,2025-11-22T18:12:06.374909
IA,2025.0,https://iowadot.gov/media/12408/download?inline,9/23/25 Bid Tabulations,,2025-11-22T18:12:06.374909
IA,2025.0,https://iowadot.gov/media/12382/download?inline,9/16/25 Bid Tabulations,,2025-11-22T18:12:06.374909
IA,2025.0,https://iowadot.gov/media/12248/download?inline,8/19/25 Bid Tabulations,,2025-11-22T18:12:06.374909
IA,2025.0,https://iowadot.gov/media/12027/download?inline,7/15/25 Bid Tabulations,,2025-11-22T18:12:06.374909
IA,2025.0,https://iowadot.gov/media/11923/download?inline,06/17/25 Bid Tabulations,,2025-11-22T18:12:06.374909
IA,2025.0,https://iowadot.gov/media/11864/download?inline,06/03/25 Bid Tabulations,,2025-11-22T18:12:06.374909
IA,2025.0,https://iowadot.gov/media/11829/download?inline,05/20/25 Bid Tabulations,,2025-11-22T18:12:06.374909
IA,2025.0,https://iowadot.gov/media/11450/download?inline,04/15/25 Bid Tabulations,,2025-11-22T18:12:06.374909
IA,2025.0,https://iowadot.gov/media/10502/download?inline,04/01/25 Bid Tabulations,,2025-11-22T18:12:06.374909
IA,2025.0,https://iowadot.gov/media/10341/download?inline,3/18/25 Bid Tabulations,,2025-11-22T18:12:06.374909
IA,2025.0,https://iowadot.gov/media/4013/download?inline,2/18/25 Bid Tabulation,,2025-11-22T18:12:06.374909
IA,2025.0,https://iowadot.gov/media/4014/download?inline,1/22/25 Bid Tabulation,,2025-11-22T18:12:06.374909
IA,2024.0,https://iowadot.gov/media/2463/download?inline,11/19/2024 Bid Tabulation,,2025-11-22T18:12:06.374909
IA,2024.0,https://iowadot.gov/media/2465/download?inline,12/17/2024 Bid Tabulation,,2025-11-22T18:12:06.374909
IA,2024.0,https://iowadot.gov/media/2462/download?inline,12/03/2024 Bid Tabulation,,2025-11-22T18:12:06.374909
IA,2024.0,https://iowadot.gov/media/2459/download?inline,10/15/2024 Bid Tabulation,,2025-11-22T18:12:06.374909
IA,2024.0,https://iowadot.gov/media/2453/download?inline,09/17/2024 Bid Tabulation,,2025-11-22T18:12:06.374909
IA,2024.0,https://iowadot.gov/media/2461/download?inline,10/22/2024 Bid Tabulation,,2025-11-22T18:12:06.374909
IA,2024.0,https://iowadot.gov/media/2455/download?inline,10/08/2024 Bid Tabulation,,2025-11-22T18:12:06.374909
IA,2024.0,https://iowadot.gov/media/2454/download?inline,09/24/2024 Bid Tabulation,,2025-11-22T18:12:06.374909
IA,2024.0,https://iowadot.gov/media/2452/download?inline,09/04/2024 Bid Tabulation,,2025-11-22T18:12:06.374909
IA,2024.0,https://iowadot.gov/media/2448/download?inline,07/16/2024 Bid Tabulation,,2025-11-22T18:12:06.374909
IA,2024.0,https://iowadot.gov/media/4320/download?inline,08/06/2024 Bid Tabulation,,2025-11-22T18:12:06.374909
IA,2024.0,https://iowadot.gov/media/2450/download?inline,08/20/2024 Bid Tabulation,,2025-11-22T18:12:06.374909
IA,2024.0,https://iowadot.gov/media/2449/download?inline,07/30/2024 Bid Tabulation,,2025-11-22T18:12:06.374909
IA,2024.0,https://iowadot.gov/media/2447/download?inline,06/18/2024 Bid Tabulation,,2025-11-22T18:12:06.374909
IA,2024.0,https://iowadot.gov/media/2446/download?inline,05/21/2024 Bid Tabulation,,2025-11-22T18:12:06.374909
IA,2024.0,https://iowadot.gov/media/2445/download?inline,04/16/2024 Bid Tabulation,,2025-11-22T18:12:06.374909
IA,2024.0,https://iowadot.gov/media/2444/download?inline,03/19/2024 Bid Tabulation,,2025-11-22T18:12:06.374909
IA,2024.0,https://iowadot.gov/media/4294/download?inline,02/20/2024 Bid Tabulation,,2025-11-22T18:12:06.374909
IA,2024.0,https://iowadot.gov/media/2443/download?inline,2/20/24 Bid Tabluation,,2025-11-22T18:12:06.374909
IA,2024.0,https://iowadot.gov/media/2442/download?inline,1/17/24 Bid Tablulation,,2025-11-22T18:12:06.374909
